id,project_name
1,Wiza-Stoltenberg
2,Botsford-Schoen
3,O'Kon-Labadie
4,"Hermiston, Herzog and Kessler"
5,"Zieme, Pagac and Brekke"
6,"Konopelski, Feeney and Strosin"
7,"Schultz, Gleichner and McLaughlin"
8,Kuhn Inc
9,"Abbott, Emard and Douglas"
10,Reichel Group
11,Grant LLC
12,"Koss, Flatley and Adams"
13,"Moen, Ritchie and Fritsch"
14,"Anderson, Kerluke and Towne"
15,"Dach, Smith and Crooks"
16,"Gibson, Weissnat and Goldner"
17,Hansen-Weimann
18,Casper Inc
19,Kuhic Inc
20,Ziemann-Rogahn
21,Nienow-Rodriguez
22,Little and Sons
23,Strosin and Sons
24,"Bins, Bergstrom and Torp"
25,Hansen Group
26,Windler-Paucek
27,Cartwright Group
28,Rempel-Bechtelar
29,"Jaskolski, Quitzon and Bartell"
30,Smith-Casper
31,"King, Hackett and Auer"
32,Hudson-Schamberger
33,"Upton, Johnston and Kirlin"
34,Krajcik-Kulas
35,Ward Group
36,Stark and Sons
37,Terry Group
38,Runolfsson Group
39,Rowe-Cassin
40,Carter and Sons
41,Kutch-Wisoky
42,Ledner Group
43,Powlowski-Corkery
44,Dickinson LLC
45,Murray-Bode
46,Hermiston Group
47,Pouros-Smitham
48,Donnelly and Sons
49,Smitham Inc
50,"Kuvalis, Zieme and Hilpert"
51,Parisian-Kozey
52,"Hills, Murray and Effertz"
53,"Cronin, Jacobson and Johns"
54,"Muller, Hauck and Carter"
55,Collier and Sons
56,"Reilly, McDermott and King"
57,Reichel-Cartwright
58,Ryan-Funk
59,Morissette-Little
60,Gorczany Group
61,Labadie Inc
62,"Torp, Homenick and Weissnat"
63,"Effertz, Macejkovic and Lang"
64,Rempel-Reinger
65,"Beier, Kulas and Welch"
66,Hane-Keebler
67,Braun-Treutel
68,Blanda-Walsh
69,"Kuphal, Macejkovic and Murazik"
70,Baumbach Group
71,Mayert-Baumbach
72,Kilback-Nitzsche
73,Klein Group
74,Stark Group
75,Gutmann-Cassin
76,"Johnston, West and O'Conner"
77,Walker-Barrows
78,"Jones, Reichert and Runolfsson"
79,"Hayes, Murphy and Mraz"
80,Hackett-Schinner
81,Gorczany-Zboncak
82,"Hettinger, Kiehn and Lindgren"
83,Weber LLC
84,Braun-Smith
85,"O'Reilly, Stark and Hilll"
86,Lindgren LLC
87,Considine-Ruecker
88,Reichert-Johnston
89,Pfannerstill LLC
90,Crooks-VonRueden
91,Hodkiewicz-Nolan
92,Baumbach-Goldner
93,"Olson, Hayes and Jacobs"
94,"Kemmer, Kilback and Deckow"
95,"Abbott, Miller and Gottlieb"
96,Kuvalis LLC
97,"Davis, Mante and Bayer"
98,"Bradtke, Zieme and Cartwright"
99,"Ziemann, Wehner and McClure"
100,Legros Inc
101,Mante LLC
102,Blick-Cremin
103,Gislason-Bins
104,Marks-Rogahn
105,Franecki-Bartoletti
106,"Cronin, Leannon and Bailey"
107,Brakus LLC
108,"Smitham, Oberbrunner and Bergstrom"
109,Kozey-Stark
110,Barton Inc
111,Cruickshank-Pfannerstill
112,"Bechtelar, Kohler and Dickens"
113,"Stamm, Jacobs and Hodkiewicz"
114,Heathcote Inc
115,Zulauf-Wunsch
116,"Prohaska, Denesik and Bernhard"
117,Douglas-Jerde
118,Hills Inc
119,Watsica LLC
120,Kshlerin-Bruen
121,"Becker, Harber and Ziemann"
122,"Stoltenberg, Powlowski and Weber"
123,"Waters, Smitham and Bailey"
124,McDermott Inc
125,Lynch-Swift
126,Considine Group
127,"Veum, Tromp and McClure"
128,"Windler, Stroman and Schamberger"
129,Lesch-Schimmel
130,Abbott-Stroman
131,Kutch-Mitchell
132,Fisher LLC
133,Hand-Dibbert
134,"Yost, Waelchi and Wisoky"
135,Keeling and Sons
136,Wisoky-Howe
137,"Schaden, Reilly and Padberg"
138,"Abbott, Weimann and Hessel"
139,"Jaskolski, Ferry and Durgan"
140,Wyman LLC
141,Kreiger-Becker
142,Botsford Inc
143,Hickle Group
144,Bruen LLC
145,"Abernathy, Gorczany and Ebert"
146,Beatty Group
147,Beer Inc
148,Erdman-Collins
149,Maggio LLC
150,Marquardt-Leffler
151,Abernathy Inc
152,"Gutmann, Legros and Prosacco"
153,Hegmann-Little
154,Feeney Group
155,Hodkiewicz-Lubowitz
156,Hoeger LLC
157,"Kris, O'Hara and Abernathy"
158,Feest-Macejkovic
159,Watsica and Sons
160,Crist and Sons
161,"Greenholt, Dickens and Klein"
162,Rodriguez-Kling
163,Morissette-Kohler
164,Rutherford-Bradtke
165,"Toy, O'Keefe and Bayer"
166,Feest-Vandervort
167,"Koch, Sauer and Jacobson"
168,Paucek-Abbott
169,Ward-Lebsack
170,"Osinski, Roob and Abshire"
171,Rolfson and Sons
172,"Stoltenberg, Sauer and Breitenberg"
173,"Bailey, Douglas and Abernathy"
174,Franecki LLC
175,Beier-Hoeger
176,"Corwin, Quigley and Hagenes"
177,"Denesik, McKenzie and Jenkins"
178,Schultz-Wolf
179,Dooley Inc
180,"Runte, Schuppe and Hamill"
181,"Lowe, Stehr and Smitham"
182,"Stamm, Harvey and Becker"
183,Stokes Inc
184,Muller-Hermann
185,Will Inc
186,"Zieme, Breitenberg and Smitham"
187,O'Connell Inc
188,"Kuhn, Schmidt and Lehner"
189,Von LLC
190,Gusikowski-Macejkovic
191,Zieme-Morissette
192,Walsh and Sons
193,"Mraz, Koepp and Carter"
194,"Kunze, Hermann and Hackett"
195,Baumbach-Jakubowski
196,Hoppe Group
197,Brakus-Ondricka
198,Carter-Williamson
199,"Kiehn, Dach and Cartwright"
200,Doyle Group
201,Lowe-King
202,"Anderson, Flatley and Barrows"
203,Satterfield-Nikolaus
204,Corkery-Haag
205,Spencer-Kutch
206,Kessler LLC
207,Schamberger Inc
208,Kuphal-Collins
209,Davis Inc
210,"Ortiz, Satterfield and Adams"
211,Kuhic-Schimmel
212,Bergstrom-Bahringer
213,"Ryan, Bruen and Larkin"
214,King Inc
215,"Moore, Willms and Balistreri"
216,"Marvin, Howe and Emard"
217,Brekke-Daniel
218,"Boyer, Labadie and Johnson"
219,Witting-Bogisich
220,Watsica Inc
221,Cronin and Sons
222,Haley-Rosenbaum
223,Turcotte Group
224,Rohan Group
225,Haag-Schowalter
226,Jaskolski Group
227,Hirthe LLC
228,Berge-Veum
229,"Emard, Bailey and MacGyver"
230,"Flatley, Johns and Fadel"
231,"Abernathy, Bednar and Bergstrom"
232,Klocko-Johnson
233,Heathcote and Sons
234,"Daugherty, Gusikowski and Kuphal"
235,"Kohler, Nader and Kohler"
236,Rice LLC
237,Beer-Hilpert
238,Muller Inc
239,"Ryan, Collins and Hodkiewicz"
240,"Keebler, Gerlach and Von"
241,Kshlerin-Rogahn
242,"Bednar, Batz and Bernhard"
243,Graham-Reichert
244,Lang-Olson
245,"Reichel, Graham and Nolan"
246,Kiehn and Sons
247,"Douglas, Breitenberg and Hickle"
248,Schumm-McGlynn
249,"Wyman, Stracke and McCullough"
250,"Batz, Raynor and Reichert"
251,Heidenreich Inc
252,Frami-Balistreri
253,Bartoletti Inc
254,Douglas and Sons
255,Volkman-Reinger
256,"Fahey, Marvin and Wolff"
257,"Block, Little and Bernhard"
258,"Stehr, Steuber and Corkery"
259,"Bahringer, Larkin and Volkman"
260,Mante LLC
261,Cremin and Sons
262,Reilly Group
263,Dare-Daugherty
264,Stanton LLC
265,Adams LLC
266,Sporer-Shields
267,"Bergnaum, Vandervort and Conn"
268,Deckow-Steuber
269,Bailey and Sons
270,Wiegand-Schuppe
271,Dibbert-Fisher
272,Farrell-Ankunding
273,Jerde LLC
274,Mills-Schneider
275,Mills-Reynolds
276,Kub Group
277,Homenick-Goldner
278,Satterfield-Rogahn
279,Deckow-Herzog
280,"Schuppe, Beatty and Stoltenberg"
281,"Johnson, Franecki and Herman"
282,Lubowitz-Bosco
283,Walter-Waelchi
284,Hilpert and Sons
285,Feeney Inc
286,Homenick-Rodriguez
287,Mante-Corkery
288,Hoeger and Sons
289,"Satterfield, Greenfelder and McGlynn"
290,Kihn and Sons
291,"Heathcote, Homenick and Schmidt"
292,Huel Inc
293,"Hills, Howell and White"
294,Bosco LLC
295,"Grady, Little and Schinner"
296,Harber-Schowalter
297,Bechtelar-Kilback
298,McGlynn-Herman
299,VonRueden-Crona
300,"Abshire, Jacobson and Ziemann"
301,Reichel LLC
302,"Glover, Stroman and McGlynn"
303,"Schroeder, Lebsack and Jaskolski"
304,Terry LLC
305,Hudson-Hansen
306,Pfannerstill-Zulauf
307,Dibbert-Streich
308,"Schamberger, Dach and Ondricka"
309,"Bernier, Kautzer and Dicki"
310,Abbott Group
311,Labadie Inc
312,Stracke-Bergstrom
313,Littel-Predovic
314,Rogahn-Fay
315,Gleichner and Sons
316,"Bogisich, Tromp and Flatley"
317,Runolfsson Group
318,Funk-Bartoletti
319,Romaguera and Sons
320,"Beatty, Rippin and Mann"
321,"Doyle, Wilderman and Kutch"
322,Gorczany LLC
323,Rogahn-Hudson
324,Schinner-Trantow
325,McLaughlin-Jaskolski
326,"Hermiston, Feil and Heidenreich"
327,"Price, Considine and Kertzmann"
328,Farrell-Lebsack
329,"Collins, Hoppe and Stehr"
330,Beatty-Cormier
331,Gislason LLC
332,Renner-Collins
333,Bashirian-Schumm
334,"Kreiger, O'Kon and Cummings"
335,Cartwright Inc
336,Mosciski and Sons
337,Nader Group
338,Brakus Inc
339,"Reinger, Kovacek and Block"
340,Yost LLC
341,"Walker, Collins and Sauer"
342,Marks Inc
343,Bogan-McKenzie
344,Schmitt-Mohr
345,Mann and Sons
346,Howe-Williamson
347,Reichert Group
348,Weimann and Sons
349,"Walter, Witting and Schuster"
350,"Hilpert, Harris and Okuneva"
351,"Bashirian, McGlynn and Leuschke"
352,Stracke LLC
353,Lesch-Hane
354,Davis-Kassulke
355,Collins-Simonis
356,"Hamill, Heller and Hahn"
357,O'Reilly-Wehner
358,Skiles-Quigley
359,"Medhurst, Mann and Kuphal"
360,Kertzmann-Greenfelder
361,Herzog LLC
362,Predovic Group
363,Steuber-Bauch
364,Larkin-Ortiz
365,"DuBuque, Kuhic and Simonis"
366,Schuster Group
367,Powlowski Inc
368,Gutkowski-Block
369,"Boyer, Murazik and Schinner"
370,"Murray, Jakubowski and Tromp"
371,Labadie Group
372,Wisozk-Funk
373,"Quigley, Cruickshank and Hoeger"
374,"Cartwright, Abernathy and Zemlak"
375,Bartoletti-Smith
376,"Hoeger, Effertz and Waters"
377,"Lind, Turcotte and Schmidt"
378,Shields-Buckridge
379,Ziemann Group
380,Nitzsche LLC
381,Schmeler-Smith
382,Torphy LLC
383,Torphy Group
384,Maggio-Kshlerin
385,Ledner-Bernhard
386,"Steuber, Brekke and Mann"
387,Christiansen-Larson
388,Will LLC
389,Braun-Schuppe
390,Bartoletti-Veum
391,Weimann LLC
392,Marvin-Murray
393,Senger and Sons
394,Feil-Pacocha
395,Turner LLC
396,Kub-Nitzsche
397,"Conroy, Kreiger and Pfannerstill"
398,"Bauch, Fisher and Cummings"
399,Jaskolski LLC
400,"Mante, Doyle and Lynch"
401,"Goodwin, Tromp and Lubowitz"
402,Rempel Group
403,"Hickle, Botsford and Emard"
404,Zulauf-Hegmann
405,Smith Group
406,Schmitt and Sons
407,"Torp, Schaden and Bartell"
408,Bins Group
409,"Herman, Waelchi and Keeling"
410,"Hagenes, Kerluke and Halvorson"
411,Ferry-Tromp
412,Gottlieb Inc
413,"Jast, Bartoletti and Bruen"
414,"Hayes, Streich and Donnelly"
415,Kutch Group
416,Reynolds-Jerde
417,Cole Group
418,Koss and Sons
419,Schoen Inc
420,Crona LLC
421,Grant-Dietrich
422,Gusikowski LLC
423,Block-Ullrich
424,"Beer, Friesen and Williamson"
425,"Kshlerin, Greenfelder and Raynor"
426,Hand-Lind
427,"Reinger, Bartoletti and D'Amore"
428,"Carter, Baumbach and Monahan"
429,"Mills, Satterfield and Gislason"
430,Kiehn Group
431,Bernier Inc
432,Smith LLC
433,Dicki-Rempel
434,Aufderhar-Doyle
435,Lakin-Dietrich
436,"Bogisich, VonRueden and Berge"
437,Prohaska-Bode
438,"VonRueden, Roberts and Beier"
439,Kihn-Wolff
440,"Conroy, Mann and Raynor"
441,Mante-Wolf
442,"Nicolas, Mitchell and Corkery"
443,Bosco LLC
444,Kiehn Inc
445,Johnston LLC
446,Grady Group
447,Zboncak Inc
448,"Beier, Hahn and Spinka"
449,"Marquardt, Schmidt and Hoppe"
450,Bins-Rolfson
451,Wilderman-Wilderman
452,Schmitt Group
453,Moore-Mitchell
454,"Connelly, Glover and Kemmer"
455,Hirthe and Sons
456,"Lemke, Parker and Smith"
457,Hirthe Inc
458,Altenwerth and Sons
459,Marquardt-Rodriguez
460,Balistreri-Ullrich
461,Pacocha and Sons
462,"Lynch, Torphy and Sawayn"
463,O'Connell Group
464,Kutch-Schultz
465,"Lueilwitz, Fahey and Jaskolski"
466,Luettgen-Okuneva
467,Kuhlman-Prosacco
468,Kerluke Inc
469,"Miller, Rutherford and Huels"
470,"Powlowski, Schimmel and Keeling"
471,Von Inc
472,Kassulke-Barton
473,Lang Inc
474,"Deckow, Kilback and Thiel"
475,Wisoky-Wilkinson
476,Walter Inc
477,Boehm-Kovacek
478,Wilderman-Buckridge
479,Kulas-Feest
480,Muller-Stoltenberg
481,"Parker, Carter and Balistreri"
482,Howell LLC
483,"Gutmann, Thiel and Collins"
484,Lind and Sons
485,Collins-Frami
486,"Bashirian, Quitzon and Gibson"
487,"Bergnaum, Strosin and Abbott"
488,"Pacocha, Greenfelder and Ritchie"
489,Schiller-Mueller
490,Zboncak-Metz
491,McGlynn-Medhurst
492,"Zieme, Klein and Schuppe"
493,"Grady, Marquardt and Buckridge"
494,Reilly-Koch
495,White-Streich
496,"Cassin, Sawayn and Lind"
497,Beatty-Bartell
498,Spinka-Gleason
499,Schowalter Group
500,Marquardt Inc
501,Walker LLC
502,"Powlowski, Emmerich and Feest"
503,Erdman Group
504,Mohr Group
505,"McLaughlin, Jakubowski and Oberbrunner"
506,Goldner-Harber
507,MacGyver Group
508,Bergnaum Group
509,Howell Group
510,"Rodriguez, Feest and Sauer"
511,"Reichel, Emard and Kautzer"
512,Rowe-Mosciski
513,"Lehner, Kuhic and Olson"
514,"Waelchi, Pfeffer and Fisher"
515,Gerlach Inc
516,"Sipes, Schultz and Schmeler"
517,Runte Group
518,Heaney Group
519,Wuckert and Sons
520,"Hilpert, Towne and Hahn"
521,"White, Spencer and Moore"
522,"Steuber, McLaughlin and Conroy"
523,Kuhic-Stroman
524,Jones-Kertzmann
525,"Marvin, Strosin and Muller"
526,Parisian and Sons
527,O'Hara-Schuster
528,Smitham LLC
529,Rippin-Mueller
530,"Reinger, Swift and Donnelly"
531,Greenholt LLC
532,Bailey and Sons
533,"Johnston, Hickle and Ondricka"
534,"Spencer, Ziemann and Koelpin"
535,Goldner-Koss
536,Murphy-Cassin
537,"Bechtelar, Von and Parisian"
538,Hegmann-Pollich
539,Shields and Sons
540,"Labadie, White and Bartoletti"
541,Kirlin-Mayert
542,"Terry, Christiansen and Bayer"
543,Champlin-Collins
544,Reichert-Gorczany
545,Schaefer-Kunde
546,"Bartoletti, Pouros and Roberts"
547,Runte Inc
548,"Mante, Wiegand and Marks"
549,"Beer, Mraz and Bashirian"
550,O'Keefe LLC
551,Quigley and Sons
552,"Zemlak, Pacocha and Harris"
553,"Christiansen, Bernier and Robel"
554,"Cremin, Denesik and Goldner"
555,Gleason Group
556,Yundt Inc
557,"Dietrich, Rice and Sawayn"
558,Anderson-Gutkowski
559,Bednar-Pollich
560,Abbott-Zieme
561,Altenwerth Group
562,Wisozk-Hauck
563,Kerluke-O'Conner
564,West-Anderson
565,Orn-Hegmann
566,Reichel-Koss
567,"Reichert, Gulgowski and Schroeder"
568,Stoltenberg-West
569,Collier Inc
570,McKenzie-Schowalter
571,Walker-Swaniawski
572,Runte Group
573,"Cassin, Hills and Breitenberg"
574,"Heaney, Aufderhar and Rolfson"
575,Monahan and Sons
576,Marvin Group
577,"Friesen, Muller and Moore"
578,Cartwright Inc
579,"Cormier, Schneider and Swift"
580,"Rempel, Crist and Homenick"
581,Sanford-Hand
582,Howe Group
583,Rath-Padberg
584,"Fritsch, Stracke and Parker"
585,Gibson and Sons
586,"Ward, Glover and Gleichner"
587,Gutkowski LLC
588,Lang Group
589,Mante-Schroeder
590,"Koelpin, MacGyver and Homenick"
591,Hahn-Reichel
592,"Buckridge, Tillman and Hackett"
593,Schulist-Turcotte
594,Cummerata-Spencer
595,Block-Lakin
596,"Bahringer, Feeney and Shanahan"
597,Mante LLC
598,"Waters, Jacobson and Swift"
599,Denesik-Bartell
600,Macejkovic LLC
601,"Oberbrunner, Heathcote and Gleason"
602,"Terry, Homenick and Stamm"
603,Heathcote LLC
604,Wiegand Inc
605,Thiel Inc
606,Pfannerstill LLC
607,Price-Upton
608,Sanford Group
609,"Kuhn, Renner and Kerluke"
610,Legros-MacGyver
611,Wehner Inc
612,Walker-Lynch
613,Schroeder Inc
614,"Legros, Crooks and Franecki"
615,Thompson LLC
616,King-Gottlieb
617,"Mayer, Dare and Flatley"
618,Prohaska-Maggio
619,"Quigley, Hettinger and Carroll"
620,O'Reilly-Nienow
621,"Trantow, Shanahan and Kohler"
622,Mayert-Ortiz
623,McClure LLC
624,Roberts-Bayer
625,"Keebler, Koch and Zboncak"
626,"Hilll, Tillman and Heaney"
627,"Lockman, Ward and Blanda"
628,"Jast, Goodwin and Carter"
629,Hahn-Haley
630,Mohr and Sons
631,Marvin and Sons
632,Gutkowski Inc
633,Howell-Balistreri
634,Watsica LLC
635,Kunze-Ernser
636,"Cummings, Runte and Jacobson"
637,"O'Keefe, Johnson and Waters"
638,Botsford Inc
639,Fisher-Gusikowski
640,Windler LLC
641,"Hudson, Schoen and Padberg"
642,"Champlin, Beer and Luettgen"
643,"Stehr, Gottlieb and Rolfson"
644,"Waters, Prohaska and Schamberger"
645,Blick-Bode
646,Senger and Sons
647,Flatley-Kerluke
648,"Wilderman, Lehner and Kuhic"
649,Labadie and Sons
650,Hand Inc
651,"West, Carter and Walter"
652,"Johns, Kris and Jenkins"
653,"Wunsch, Witting and White"
654,Trantow and Sons
655,Treutel-O'Conner
656,"Buckridge, Ortiz and Mitchell"
657,"Padberg, Medhurst and Cummerata"
658,Heathcote and Sons
659,"Zulauf, Hyatt and McLaughlin"
660,"Emmerich, Marks and Greenfelder"
661,Fahey LLC
662,Balistreri-Volkman
663,Abernathy-Rosenbaum
664,Pacocha-Schimmel
665,Nienow Inc
666,Koch and Sons
667,"Davis, Kautzer and Tillman"
668,"Jakubowski, Paucek and Balistreri"
669,Labadie Group
670,Schultz Inc
671,Kuphal Group
672,"Kling, Romaguera and Jenkins"
673,"Conn, Gerhold and Littel"
674,Dicki LLC
675,Douglas-Ryan
676,Konopelski and Sons
677,Abshire Inc
678,"Windler, Parker and Shanahan"
679,"Balistreri, Will and Kuhlman"
680,Hansen-Nikolaus
681,Kuhn LLC
682,"Kuhn, Kling and Okuneva"
683,Prohaska and Sons
684,Bradtke-Keebler
685,Yost Group
686,Boyer-Trantow
687,"Nicolas, Heller and Little"
688,Marks and Sons
689,"Lockman, Sauer and Quitzon"
690,Lehner and Sons
691,Stracke-King
692,Wintheiser-West
693,Douglas Group
694,Kohler-Schaefer
695,Swaniawski-Mohr
696,Bednar-Denesik
697,Corwin LLC
698,Hammes-Steuber
699,Howell and Sons
700,Fay Group
701,"Abernathy, Jast and Jacobson"
702,Collins-Tillman
703,"Mante, Abbott and Torp"
704,Abbott-Green
705,Daniel LLC
706,Mayert-Crooks
707,Stark Inc
708,Fahey-Boyle
709,Spinka and Sons
710,Erdman-Carroll
711,O'Keefe Group
712,"Kessler, Lubowitz and Armstrong"
713,"Bruen, Marvin and Oberbrunner"
714,Stiedemann-Larson
715,Lynch Inc
716,Trantow Inc
717,Schuster LLC
718,"Ward, Bins and Goldner"
719,Beahan Group
720,Ziemann LLC
721,"Hintz, Howe and Walker"
722,Barton and Sons
723,Lynch Group
724,Hirthe Group
725,Auer-Bailey
726,Crona-Veum
727,"Bashirian, Bradtke and Mante"
728,O'Conner-Bogisich
729,Jaskolski LLC
730,Lubowitz LLC
731,Zemlak Inc
732,"Mraz, Ondricka and Fisher"
733,Bednar-Johns
734,Dooley Inc
735,Wilderman-Konopelski
736,Stoltenberg-Cole
737,Bailey and Sons
738,Boehm Group
739,Blick Group
740,McDermott LLC
741,Powlowski-Cruickshank
742,Kessler LLC
743,Zemlak-Nienow
744,"Green, Schaden and Kling"
745,"Fadel, Macejkovic and Miller"
746,Gottlieb Inc
747,"Hackett, Predovic and Rempel"
748,"Conn, Sauer and Lemke"
749,Bins-Schmitt
750,Pfannerstill-Little
751,"Weissnat, Lang and Kassulke"
752,"Ondricka, Russel and Johns"
753,Kemmer and Sons
754,Marks-Boehm
755,Schowalter-Gerhold
756,"Cormier, Kovacek and Graham"
757,Wisoky and Sons
758,"Rodriguez, Runte and Gorczany"
759,"Senger, Cartwright and Wiegand"
760,Krajcik Group
761,Oberbrunner-Lynch
762,Flatley Group
763,"Mertz, Reilly and Abshire"
764,"Hartmann, Beier and Toy"
765,Crist LLC
766,"Wiegand, Will and Lakin"
767,"Stanton, Gulgowski and Heaney"
768,"Turner, Herman and Reynolds"
769,Hoeger-Lubowitz
770,Hermiston-Jast
771,Witting-Gusikowski
772,Schiller LLC
773,Bechtelar Inc
774,"Grimes, Cartwright and Orn"
775,Luettgen LLC
776,Abbott-Gibson
777,Connelly and Sons
778,"Willms, Kohler and Nicolas"
779,"Gleason, O'Connell and Mosciski"
780,Swift-Tillman
781,Morar-Gutkowski
782,"Shields, Dare and Sawayn"
783,"Turner, Stoltenberg and Hilpert"
784,Kozey LLC
785,Yost-Huel
786,"Kuhn, Bayer and Toy"
787,Kunze-Heller
788,"Welch, Leffler and Bartoletti"
789,Dach Inc
790,Bernier LLC
791,Reinger Inc
792,Cruickshank-Deckow
793,Howell LLC
794,"Cartwright, Larkin and VonRueden"
795,Kuvalis and Sons
796,"Harris, Roob and Powlowski"
797,Heidenreich-Collins
798,Schultz-Conroy
799,Nolan-Emard
800,"Kshlerin, Paucek and Kihn"
801,"Schmitt, Wintheiser and Nikolaus"
802,Hilpert Inc
803,McDermott Group
804,"Mueller, Johnson and Conn"
805,Hane-Johns
806,"Kozey, Sipes and Kiehn"
807,Strosin LLC
808,Bernhard Group
809,"Bode, Koepp and Kassulke"
810,"Murphy, Blick and Ratke"
811,Orn-Littel
812,Williamson LLC
813,Quitzon Inc
814,Gutkowski and Sons
815,Jast-Smitham
816,"Hansen, Kuphal and Brown"
817,Abbott and Sons
818,"King, Schowalter and Cormier"
819,"Ferry, Bauch and Schinner"
820,"Stokes, Labadie and Weimann"
821,Kulas-Blanda
822,Goodwin Group
823,Lebsack-Hessel
824,Marks and Sons
825,"Olson, Leannon and Barton"
826,Lockman Group
827,Langosh-Dooley
828,"Borer, Beahan and King"
829,Roberts-Heaney
830,"Schmeler, Lebsack and Douglas"
831,Rohan-VonRueden
832,"Thiel, Steuber and Blanda"
833,Windler LLC
834,"King, Conn and Klocko"
835,Waelchi-Langosh
836,"Lynch, Nitzsche and Harris"
837,"Deckow, Gusikowski and Ryan"
838,"Wuckert, Little and Ledner"
839,Gibson Group
840,Orn LLC
841,Smith-Reinger
842,"Hudson, Kohler and Koss"
843,"Walsh, Schuster and Abshire"
844,"Keebler, Marks and Fritsch"
845,Mertz Group
846,"Lubowitz, Renner and Runolfsson"
847,Williamson-Gorczany
848,Kuphal-White
849,Bogan Inc
850,Jast-Lang
851,Heaney and Sons
852,Gleason-Beier
853,Lebsack LLC
854,Sporer-Jacobs
855,McKenzie and Sons
856,Nienow LLC
857,Graham-Monahan
858,Towne Inc
859,White-Beier
860,Beahan-Waters
861,"Kuvalis, Crist and Ondricka"
862,"Vandervort, Abshire and Hartmann"
863,Pollich LLC
864,Feil-VonRueden
865,Dibbert-Wolf
866,Keebler-Ondricka
867,"Rutherford, Crona and Ortiz"
868,Schiller LLC
869,"Boehm, Hammes and Renner"
870,Crona Group
871,Anderson-Beatty
872,White-Mitchell
873,"Crooks, Russel and Willms"
874,Sporer Group
875,Ullrich-Braun
876,"Greenfelder, Reilly and Parisian"
877,Wehner Inc
878,"Hartmann, Cartwright and Nienow"
879,"Haag, White and Barrows"
880,"Toy, Grady and Borer"
881,Durgan LLC
882,Weber-Goodwin
883,Tillman LLC
884,Robel-Satterfield
885,Bogan Inc
886,Cruickshank-Jaskolski
887,"Predovic, Howe and Hilll"
888,Wisoky-Brakus
889,"O'Kon, Nitzsche and White"
890,Gleichner and Sons
891,Doyle-Kihn
892,Lang-Hilpert
893,Murray-Beier
894,Jacobson-Collier
895,Bode-Nolan
896,Boyle-Upton
897,"Dibbert, Medhurst and Fay"
898,Bradtke and Sons
899,"Lubowitz, Mosciski and Swift"
900,Kassulke Group
901,"Heidenreich, Ebert and Satterfield"
902,Oberbrunner LLC
903,"Fay, Gleason and Grant"
904,"Stanton, Funk and Boyle"
905,Wehner LLC
906,"Renner, Waters and Gutmann"
907,"Schmeler, Terry and Cruickshank"
908,Schinner-MacGyver
909,"Ullrich, Macejkovic and Wiza"
910,Lynch LLC
911,"Cronin, Lueilwitz and Franecki"
912,Kris-Kub
913,Beahan Group
914,"Hackett, Nitzsche and Walter"
915,Ondricka LLC
916,Corwin Inc
917,"Koepp, King and Adams"
918,Shields-Bergnaum
919,Brekke-MacGyver
920,"Stamm, McLaughlin and Bruen"
921,Gleason-Stoltenberg
922,"Krajcik, Spencer and Lang"
923,"Hilpert, Flatley and Cartwright"
924,"Harvey, Sipes and Witting"
925,"Bernier, Satterfield and Spinka"
926,"Hamill, Mayer and Wyman"
927,"Ebert, Wehner and Stiedemann"
928,"Krajcik, Hauck and Cruickshank"
929,"Bergstrom, Hills and Grimes"
930,Miller LLC
931,Homenick Group
932,"Hamill, Gulgowski and Runte"
933,"Konopelski, Klein and Carter"
934,Reynolds Inc
935,Walter-Stark
936,"Fritsch, Wehner and Carroll"
937,Morissette LLC
938,Rice-Jerde
939,Crona and Sons
940,Koss-Prosacco
941,"O'Kon, Jacobson and Hermann"
942,Waelchi-Douglas
943,"Rolfson, Flatley and Considine"
944,"Cummerata, Schaefer and Wolf"
945,Hills Group
946,Halvorson Group
947,Breitenberg Inc
948,Legros LLC
949,Bogan Group
950,Langosh Inc
951,"Rippin, Heller and Metz"
952,Nicolas-Borer
953,Effertz-Bins
954,Schulist Inc
955,Mohr-Durgan
956,Littel Group
957,King-Morar
958,Jenkins-Rau
959,Spinka-Steuber
960,"Johnson, Anderson and O'Hara"
961,"Langworth, Swaniawski and Lind"
962,Denesik-Mohr
963,Botsford and Sons
964,Lesch Inc
965,Bruen and Sons
966,"Orn, Beahan and Ward"
967,Maggio-Mueller
968,Dicki LLC
969,Bechtelar-McLaughlin
970,Ankunding-Durgan
971,Champlin-Rippin
972,Sanford LLC
973,"Labadie, Hammes and Hoppe"
974,McCullough and Sons
975,Konopelski-Klocko
976,Denesik-Armstrong
977,"Morar, Cole and Larson"
978,Ziemann-Kuvalis
979,Leannon-Pfannerstill
980,Blick-Kuvalis
981,Conn and Sons
982,"Kunze, Corkery and Brown"
983,Prosacco-Pfannerstill
984,Champlin-Rogahn
985,"Baumbach, Murazik and Willms"
986,Johnston Inc
987,Bosco Inc
988,Rowe and Sons
989,Senger-O'Hara
990,"Kris, Rath and Lindgren"
991,Grady-Gulgowski
992,Rutherford Inc
993,"Stiedemann, Reilly and Raynor"
994,"Hirthe, Gerhold and Cormier"
995,Wehner LLC
996,Dicki Group
997,"Rice, Walker and Greenfelder"
998,"Willms, Cruickshank and Watsica"
999,Ledner LLC
1000,Douglas-Wolff
