id,username
1,Man Masterman
2,Starla Davydzenko
3,Josephine Lauret
4,Matthaeus Leverentz
5,Leone Pardal
6,Mead Proffer
7,Alanah Staff
8,Euphemia Rown
9,Eleanore Salzberg
10,Lorianne Thorburn
11,Myles Maryott
12,Blanca Logie
13,Godfry Carass
14,Fernandina Leveridge
15,Charmane Mahon
16,Franciskus Pilipets
17,Kirsti Farmloe
18,Taber Arend
19,Dahlia Varga
20,Gerome Gerssam
21,Janette Hanmore
22,Garrett Ciardo
23,Oswell Sydes
24,Demetrius Strond
25,Morlee Mallinar
26,Erie Rowantree
27,Bartolemo Lapthorne
28,Cinderella Dauney
29,Dareen Fallanche
30,Yehudi Duffree
31,Jodee Bunworth
32,Guss Feechum
33,Innis Yaneev
34,Lotty Monckman
35,Rhianon Snoday
36,Thia Armstrong
37,Janka Lorrain
38,Melany Nelsen
39,Kennett Tubritt
40,Mike Hasel
41,Tandie Edginton
42,Harwilll Jacobbe
43,Derrick O'Conor
44,Federica Rawling
45,Neila Nevinson
46,Lesley Arbor
47,Jeramey Waslin
48,Daniel Tesauro
49,Amberly Stimpson
50,Joella Sparshott
51,Gary Cornehl
52,Carr Flynn
53,Guillema O'Docherty
54,Eyde McReedy
55,Colver Brandsen
56,Idaline Kubera
57,Edgard Krzysztofiak
58,Rustin Swede
59,Marcellina Stobart
60,Carley Stickford
61,Stillman Andreuzzi
62,Thain Broadbent
63,Elysia Metzing
64,Fredek Dallicott
65,Cherey Broke
66,Chery Hale
67,Prentiss Camocke
68,Jenn Russam
69,Basilio Puleston
70,Tilly Tarbert
71,Gil Faich
72,Elke Van Arsdall
73,Bob McGee
74,Georges Van Der Weedenburg
75,Lianna Quarton
76,Adler Banbrigge
77,Gabe Plews
78,Tan Tracy
79,Andrej Mcasparan
80,Teresa Vinsen
81,Hillary Tonnesen
82,Salvador Copnar
83,Roosevelt Sellick
84,Maddi Fryett
85,Arte De Ambrosi
86,Babara Churms
87,Ruddie Hewlings
88,Reggy Kitchinghan
89,Sully Szymonwicz
90,Katherina Wynn
91,Clifford Fosdyke
92,Nance Gerg
93,Mikol Eastmead
94,Ashlan Cumberbatch
95,Cori Skakunas
96,Scotti Yakunchikov
97,Lise Deppe
98,Eadmund Parramore
99,Gardiner Oldknow
100,Perceval Fettiplace
